,FBgn0000024
B05,0.6992833023832199
B10,1.6010086648860757
B11,1.4734675779471014
B12,0.29810241293048684
B23,-0.3393116065388172
B28,-1.3662038163720982
B51,1.7616704103630672
B52,1.1131942771609284
B54,-1.6010086648860757
B59,1.3662038163720982
I02,0.42357608420119969
I03,0.60244945316442367
I06,-0.80317256559791783
I07,0.65010407064799525
I13,-0.21710694721012977
I16,-1.0431582633184535
I17,-0.17716982099173983
I22,-0.97789754394054185
I23,-2.4175590162365053
I26,0.75021537546794059
I33,0.46682512285258965
I34,2.4175590162365053
N01,-0.55612559361869141
N02,-0.13751340214433591
N07,0.2573935261009383
N10,-1.7616704103630672
N11,-0.42357608420119969
N13,0.21710694721012977
N15,-0.2573935261009383
N16,0.51096580673824743
N17,0.17716982099173983
N18,-0.60244945316442367
N19,0.098072152488661066
N22,-0.6992833023832199
N23,1.9874278859298959
N25,-0.85848447414183227
T01,-1.189164350199337
T04,0.019584285230126921
T05,-1.9874278859298959
T07,-0.51096580673824743
T09,0.058782936068943067
T10,1.189164350199337
T14A,-0.019584285230126921
T22A,-0.098072152488661066
T23,-0.29810241293048684
T24,0.13751340214433591
T30A,-0.75021537546794059
T35,-0.91655666753311271
T39,-1.1131942771609284
T43A,0.38110545476355651
T45B,1.0431582633184535
ZH23,1.2726986411905359
ZH26,0.80317256559791783
ZH33,0.3393116065388172
ZH42,0.85848447414183227
ZS10,-1.2726986411905359
ZW09,0.91655666753311271
ZW139,-0.058782936068943067
ZW140,0.55612559361869141
ZW142,0.97789754394054185
ZW144,-0.38110545476355651
ZW155,-1.4734675779471014
ZW177,-0.46682512285258965
ZW185,-0.65010407064799525
